City_ID,City,Cloudiness,Country,Date,Humidity,Lat,Lng,Max Temp,Windspeed
0,jamestown,0,US,1651344188,22,42.097,-79.2353,65.52,3.44
1,jumla,71,NP,1651344271,75,29.2747,82.1838,51.24,3.76
2,arraial do cabo,75,BR,1651344271,78,-22.9661,-42.0278,76.86,9.22
3,port alfred,2,ZA,1651344272,79,-33.5906,26.891,59.18,4.0
4,busselton,0,AU,1651344272,86,-33.65,115.3333,55.24,5.44
5,half moon bay,20,US,1651344273,69,37.4636,-122.4286,73.06,28.77
6,thompson,75,CA,1651344074,60,55.7435,-97.8558,41.16,10.36
7,hermanus,100,ZA,1651344273,86,-34.4187,19.2345,59.29,4.12
8,kapaa,40,US,1651344274,78,22.0752,-159.319,77.11,19.57
9,geraldton,0,AU,1651344274,71,-28.7667,114.6,55.81,9.22
10,safaga,0,EG,1651344275,40,26.7292,33.9365,82.9,7.72
11,codrington,100,AU,1651344275,84,-38.2667,141.9667,57.04,13.91
12,bluff,100,NZ,1651344276,65,-46.6,168.3333,63.81,18.43
13,tasiilaq,11,GL,1651344049,55,65.6145,-37.6368,42.96,3.09
14,margate,100,GB,1651344276,74,51.3813,1.3862,52.3,1.99
15,butaritari,100,KI,1651344277,83,3.0707,172.7902,80.53,13.18
16,cabra,26,ES,1651344277,38,37.4725,-4.4421,65.91,0.74
17,vestmanna,20,FO,1651344278,81,62.1564,-7.1664,45.52,9.22
18,zapolyarnyy,23,RU,1651344172,82,69.4154,30.8136,25.88,6.11
19,pedasi,92,PA,1651344278,72,7.5333,-80.0333,83.21,2.1
20,albany,89,US,1651344258,27,42.6001,-73.9662,62.58,1.99
21,gurupi,75,BR,1651344279,46,-11.7292,-49.0686,87.48,4.47
22,itarema,13,BR,1651344279,82,-2.9248,-39.9167,82.18,9.33
23,clyde river,100,CA,1651344143,86,70.4692,-68.5914,16.03,8.05
24,bay roberts,100,CA,1651344280,93,47.5999,-53.2648,45.52,3.0
25,klaksvik,25,FO,1651344281,87,62.2266,-6.589,47.32,8.5
26,fort nelson,40,CA,1651344281,56,58.8053,-122.7002,42.39,8.05
27,cabo san lucas,81,MX,1651344195,51,22.8909,-109.9124,87.1,1.99
28,soe,60,ID,1651344282,89,-9.8607,124.284,67.89,4.07
29,cape town,0,ZA,1651344071,74,-33.9258,18.4232,61.27,8.05
30,bubaque,58,GW,1651344282,72,11.2833,-15.8333,77.29,13.62
31,hithadhoo,100,MV,1651344283,68,-0.6,73.0833,85.53,14.94
32,hasaki,100,JP,1651344228,59,35.7333,140.8333,48.6,11.05
33,puerto pailas,0,BO,1651344284,38,-17.667,-62.7909,83.89,8.41
34,hobart,40,AU,1651344284,86,-42.8794,147.3294,57.06,13.8
35,vredendal,8,ZA,1651344285,73,-31.6683,18.5012,58.93,7.76
36,flagstaff,0,US,1651344285,15,35.1981,-111.6513,72.52,5.75
37,kidal,100,ML,1651344285,10,18.4411,1.4078,92.62,12.03
38,peniche,3,PT,1651344286,82,39.3558,-9.3811,61.45,12.12
39,batagay-alyta,6,RU,1651344287,88,67.8006,130.4114,-0.26,5.21
40,rosarito,9,MX,1651343989,70,32.3333,-117.0333,77.63,7.25
41,punta arenas,40,CL,1651344174,70,-53.15,-70.9167,44.71,9.22
42,husavik,100,IS,1651344287,56,66.0449,-17.3389,50.94,5.37
43,vila velha,20,BR,1651344057,77,-20.3297,-40.2925,85.95,9.22
44,rikitea,53,PF,1651344288,75,-23.1203,-134.9692,75.87,12.26
45,shimoda,100,JP,1651344288,67,34.6667,138.95,52.11,5.06
46,coihaique,75,CL,1651344289,66,-45.5752,-72.0662,52.41,5.75
47,atuona,6,PF,1651344289,76,-9.8,-139.0333,78.89,13.89
48,ust-nera,97,RU,1651344290,95,64.5667,143.2,24.6,4.74
49,bilma,31,NE,1651344290,8,18.6853,12.9164,95.61,4.18
50,qaanaaq,94,GL,1651344291,72,77.484,-69.3632,18.12,5.46
51,ribeira grande,20,PT,1651344291,72,38.5167,-28.7,66.6,11.5
52,eyl,38,SO,1651344292,75,7.9803,49.8164,84.25,10.13
53,ushuaia,0,AR,1651344292,81,-54.8,-68.3,40.66,3.44
54,cayenne,20,GF,1651344293,33,4.9333,-52.3333,86.04,13.8
55,road town,75,VG,1651344293,94,18.4167,-64.6167,78.89,5.75
56,baykit,93,RU,1651344294,95,61.67,96.37,29.97,2.26
57,provideniya,100,RU,1651344294,90,64.3833,-173.3,30.13,18.03
58,mataura,100,NZ,1651344294,87,-46.1927,168.8643,63.48,3.71
59,natitingou,100,BJ,1651344295,33,10.3042,1.3796,89.51,3.67
60,airai,92,TL,1651344295,87,-8.9266,125.4092,59.88,3.02
61,avarua,40,CK,1651344296,89,-21.2078,-159.775,78.85,5.75
62,chuy,100,UY,1651344296,57,-33.6971,-53.4616,60.66,6.15
63,east london,0,ZA,1651344297,82,-33.0153,27.9116,59.94,8.05
64,ambon,40,ID,1651344297,78,-3.6954,128.1814,82.54,3.44
65,salamiyah,2,SY,1651344298,66,35.0113,37.0532,65.28,18.75
66,dikson,100,RU,1651344298,95,73.5069,80.5464,16.25,17.81
67,mehamn,95,NO,1651344299,72,71.0357,27.8492,26.19,12.44
68,touros,14,BR,1651344299,67,-5.1989,-35.4608,82.71,16.15
69,mar del plata,0,AR,1651344185,50,-38.0023,-57.5575,57.22,8.05
70,yellowknife,0,CA,1651344229,51,62.456,-114.3525,32.56,4.61
71,katol,0,IN,1651344300,15,21.2667,78.5833,92.3,7.47
72,tuktoyaktuk,20,CA,1651344300,74,69.4541,-133.0374,30.2,6.91
73,yulara,100,AU,1651344301,63,-25.2406,130.9889,60.64,11.5
74,makakilo city,75,US,1651344104,69,21.3469,-158.0858,75.0,10.36
75,georgetown,20,MY,1651344142,89,5.4112,100.3354,82.35,3.44
76,faya,14,SA,1651344302,37,18.3851,42.4509,66.31,10.16
77,seymchan,69,RU,1651344303,96,62.8833,152.4333,14.94,3.09
78,port shepstone,23,ZA,1651344303,76,-30.7414,30.455,64.4,9.55
79,esperance,0,AU,1651344304,72,-33.8667,121.9,55.24,6.78
80,moerai,52,PF,1651344304,69,-22.4333,-151.3333,78.3,12.21
81,new norfolk,100,AU,1651344305,81,-42.7826,147.0587,56.7,3.0
82,labuhan,100,ID,1651344305,88,-6.8844,112.2051,79.47,6.24
83,ahome,78,MX,1651344307,27,25.9167,-109.1833,87.24,10.78
84,sitka,0,US,1651344120,61,57.0531,-135.33,48.09,6.91
85,imbituba,91,BR,1651344308,66,-28.24,-48.6703,70.86,13.56
86,bengkulu,82,ID,1651344309,88,-3.8004,102.2655,76.6,4.16
87,saint george,0,US,1651344036,14,37.1041,-113.5841,78.64,4.0
88,ancud,100,CL,1651344309,77,-41.8697,-73.8203,52.02,7.45
89,kodiak,100,US,1651344310,93,57.79,-152.4072,38.71,31.07
90,danville,100,US,1651344310,72,36.586,-79.395,62.35,3.44
91,flinders,0,AU,1651344311,77,-34.5833,150.8552,56.05,3.0
92,puerto ayora,99,EC,1651344311,79,-0.7393,-90.3518,78.76,9.51
93,gondanglegi,100,ID,1651344312,89,-7.7479,112.0132,76.19,2.39
94,rocha,100,UY,1651344086,56,-34.4833,-54.3333,61.0,2.13
95,saldanha,9,ZA,1651344313,86,-33.0117,17.9442,59.05,12.57
96,tongzhou,0,CN,1651344313,65,39.9053,116.5994,44.71,2.24
97,alberton,100,CA,1651344314,97,46.8168,-64.0654,33.93,20.65
98,jeremie,30,HT,1651344314,73,18.65,-74.1167,80.33,5.41
99,norman wells,0,CA,1651344059,56,65.282,-126.8329,41.04,11.5
100,kaniama,75,CD,1651344315,93,-7.5667,24.1833,67.98,3.58
101,jardim,100,BR,1651344316,32,-21.4803,-56.1381,91.0,5.12
102,nishihara,100,JP,1651344317,73,26.1842,127.7558,70.88,5.75
103,bethel,0,US,1651344165,35,41.3712,-73.414,64.02,8.05
104,krasnyy kommunar,0,RU,1651344318,81,51.9644,55.3668,41.07,6.71
105,victoria,100,HK,1651344149,86,22.2855,114.1577,78.19,13.0
106,nalut,100,LY,1651344318,15,30.3333,10.85,79.81,16.44
107,lebu,2,CL,1651344319,61,-37.6167,-73.65,54.5,14.27
108,castro,47,BR,1651344220,77,-24.7911,-50.0119,69.73,2.62
109,zhangjiakou,1,CN,1651344319,24,40.81,114.8794,46.74,6.55
110,araguaina,100,BR,1651344320,64,-7.1911,-48.2072,84.45,1.57
111,paisley,100,GB,1651344320,86,55.8317,-4.4325,51.37,16.11
112,fukue,100,JP,1651344321,70,32.6881,128.8419,59.95,17.11
113,juba,46,SS,1651344321,79,4.8517,31.5825,71.67,2.44
114,yumen,0,CN,1651344322,29,40.2833,97.2,45.88,2.39
115,hirson,75,FR,1651344323,69,49.9226,4.0826,48.85,6.4
116,drumheller,38,CA,1651344323,23,51.4617,-112.7101,61.93,10.36
117,andra,14,RU,1651344324,74,62.5147,65.8878,31.23,10.2
118,savannakhet,100,LA,1651344324,86,16.566,104.751,76.21,4.97
119,kavaratti,49,IN,1651344144,71,10.5669,72.642,85.17,10.09
120,chokurdakh,29,RU,1651344325,95,70.6333,147.9167,9.99,7.65
121,byron bay,100,AU,1651344325,89,-28.65,153.6167,66.09,12.97
122,port elizabeth,0,ZA,1651344099,76,-33.918,25.5701,62.89,17.27
123,leningradskiy,86,RU,1651344326,94,69.3833,178.4167,6.87,4.88
124,hirara,100,JP,1651344326,86,24.8,125.2833,75.36,10.4
125,yar-sale,52,RU,1651344327,88,66.8333,70.8333,17.58,9.4
126,aklavik,75,CA,1651344328,56,68.2191,-135.0107,41.0,5.75
127,santa rosalia,46,MX,1651344328,30,27.3167,-112.2833,75.78,7.25
128,vardo,80,NO,1651344329,61,70.3705,31.1107,28.78,17.2
129,revelstoke,0,CA,1651344329,43,50.9832,-118.2023,51.82,4.61
130,paamiut,92,GL,1651344329,91,61.994,-49.6678,32.72,15.46
131,faanui,10,PF,1651344330,72,-16.4833,-151.75,81.28,16.17
132,kaitangata,100,NZ,1651344330,83,-46.2817,169.8464,50.43,5.23
133,barrow,0,US,1651344331,92,71.2906,-156.7887,12.22,9.22
134,valley city,75,US,1651344331,100,46.9233,-98.0032,41.52,14.97
135,mbanza-ngungu,100,CD,1651344332,92,-5.25,14.8667,70.66,1.19
136,asau,61,RO,1651344332,82,46.4333,26.4,48.96,2.93
137,vaini,100,TO,1651344333,100,-21.2,-175.2,75.36,6.91
138,pevek,100,RU,1651344333,100,69.7008,170.3133,-1.97,4.03
139,alexandria,0,EG,1651344330,64,31.2156,29.9553,67.96,11.5
140,adrar,0,MR,1651344314,9,20.5022,-10.0711,85.6,7.16
141,ixtapa,87,MX,1651344179,17,20.7,-105.2,94.91,9.08
142,elat,0,IL,1651344334,28,29.5581,34.9482,85.84,18.41
143,tiksi,100,RU,1651344335,86,71.6872,128.8694,34.5,17.76
144,bowen,5,AU,1651344335,90,-20.0167,148.2333,69.94,10.38
145,oussouye,100,SN,1651344336,49,12.485,-16.5469,89.78,11.81
146,torbay,100,CA,1651344336,96,47.6666,-52.7314,44.76,8.05
147,eureka,97,US,1651344337,89,40.8021,-124.1637,57.2,1.01
148,saint-pierre,100,RE,1651344337,81,-21.3393,55.4781,78.48,4.61
149,puerto carreno,75,CO,1651344338,94,6.189,-67.4859,75.18,2.3
150,kupang,9,ID,1651344338,85,-10.1667,123.5833,77.31,6.15
151,necochea,9,AR,1651344339,38,-38.5473,-58.7368,58.14,9.35
152,tautira,32,PF,1651344339,75,-17.7333,-149.15,79.66,14.74
153,hilo,100,US,1651344339,94,19.7297,-155.09,75.25,1.01
154,quatre cocos,56,MU,1651344340,78,-20.2078,57.7625,77.11,11.74
155,upernavik,90,GL,1651344067,64,72.7868,-56.1549,20.14,4.7
156,saint-philippe,10,RE,1651344341,79,-21.3585,55.7679,78.39,11.81
157,sao filipe,91,CV,1651344341,72,14.8961,-24.4956,72.82,7.56
158,sorong,100,ID,1651344342,86,-0.8833,131.25,79.16,5.61
159,mena,19,UA,1651344342,74,51.5217,32.2157,43.34,4.43
160,kaeo,85,NZ,1651344343,96,-35.1,173.7833,55.33,5.35
161,hamilton,20,US,1651344326,75,39.1834,-84.5333,70.23,10.36
162,nikolskoye,100,RU,1651344343,66,59.7035,30.7861,39.09,5.86
163,krasnoselkup,98,RU,1651344344,93,65.7,82.4667,17.22,12.37
164,cherskiy,77,RU,1651344344,97,68.75,161.3,4.59,4.29
165,la romana,75,DO,1651344306,88,18.4273,-68.9728,77.36,11.5
166,thunder bay,100,CA,1651344327,57,48.4001,-89.3168,48.29,20.71
167,sasolburg,0,ZA,1651344345,28,-26.8136,27.817,53.44,7.23
168,grand gaube,4,MU,1651344346,79,-20.0064,57.6608,77.4,16.53
169,mahon,0,ES,1651344130,59,39.8885,4.2658,63.16,9.22
170,wuwei,100,CN,1651344346,46,37.9281,102.6414,43.75,3.83
171,narsaq,16,GL,1651344347,58,60.9167,-46.05,57.42,3.56
172,beringovskiy,100,RU,1651344347,92,63.05,179.3167,24.87,16.22
173,robertson,75,US,1651344348,60,36.5167,-86.8667,81.75,16.11
174,komsomolskiy,89,UZ,1651344348,56,40.4272,71.7189,70.52,9.22
175,portland,100,US,1651344304,79,45.5234,-122.6762,57.52,9.22
176,vostok,100,RU,1651344349,78,46.4856,135.8833,35.98,4.85
177,novoselitskoye,100,RU,1651344349,68,44.7508,43.4369,61.5,11.32
178,bintulu,20,MY,1651344350,100,3.1667,113.0333,75.61,0.0
179,garowe,46,SO,1651344350,67,8.4054,48.4845,81.34,17.09
180,meulaboh,100,ID,1651344351,85,4.1363,96.1285,79.5,1.01
181,inhambane,40,MZ,1651344351,78,-23.865,35.3833,76.98,4.61
182,upata,100,VE,1651344352,35,8.0086,-62.3989,89.19,7.31
183,niteroi,100,BR,1651344352,98,-22.8833,-43.1036,78.42,12.66
184,novoanninskiy,10,RU,1651344353,71,50.5287,42.6747,47.55,8.41
185,sur,86,OM,1651344353,55,22.5667,59.5289,88.93,4.25
186,takoradi,100,GH,1651344232,80,4.8845,-1.7554,81.64,8.57
187,pavlovka,16,RU,1651344354,76,52.6897,47.1405,42.6,8.14
188,port blair,40,IN,1651344354,83,11.6667,92.75,82.44,2.3
189,souillac,40,MU,1651344355,83,-20.5167,57.5167,77.38,12.66
190,dakar,0,SN,1651344118,83,14.6937,-17.4441,79.68,9.22
191,huaihua,95,CN,1651344355,96,27.5494,109.9592,53.83,4.65
192,balykshi,4,KZ,1651344356,87,47.0667,51.8667,50.0,20.13
193,tiznit,0,MA,1651344356,34,29.5833,-9.5,71.64,6.96
194,kenai,0,US,1651344357,55,60.5544,-151.2583,43.03,11.5
195,berbera,100,SO,1651344357,64,10.4396,45.0143,87.19,5.46
196,mugur-aksy,100,RU,1651344358,27,50.35,90.5,45.88,4.47
197,bulgan,98,MN,1651344358,29,48.8125,103.5347,48.25,3.24
198,cabedelo,100,BR,1651344359,73,-6.9811,-34.8339,84.87,14.97
199,shu,2,KZ,1651344359,68,43.5983,73.7614,64.49,8.12
200,flin flon,75,CA,1651344326,46,54.7682,-101.865,51.64,3.44
201,tabory,10,RU,1651344360,57,58.5198,64.5495,31.84,4.5
202,kavieng,100,PG,1651344361,74,-2.5744,150.7967,81.91,3.15
203,orebro,100,SE,1651344361,30,59.2741,15.2066,50.18,0.0
204,ostrovnoy,98,RU,1651344361,83,68.0531,39.5131,18.72,10.31
205,chifeng,100,CN,1651344362,20,42.2683,118.9636,45.3,7.83
206,talara,0,PE,1651344363,57,-4.5772,-81.2719,79.56,16.11
207,kieta,100,PG,1651344363,84,-6.2167,155.6333,78.17,4.0
208,lompoc,0,US,1651344364,57,34.6391,-120.4579,80.85,21.99
209,yushu,100,CN,1651344364,67,44.8,126.5333,37.2,13.38
210,tynda,2,RU,1651344365,80,55.1667,124.7167,21.56,2.04
211,ponta do sol,0,PT,1651344366,64,32.6667,-17.1,70.72,2.01
212,clarksdale,20,US,1651344184,45,34.2001,-90.5709,84.18,17.27
213,avera,7,US,1651344366,40,33.194,-82.5271,82.54,7.63
214,liverpool,20,GB,1651344311,73,53.4106,-2.9779,54.9,11.5
215,dorado,100,PR,1651344368,91,18.4588,-66.2677,80.19,8.05
216,sarwar,0,IN,1651344368,19,26.0667,75.0,91.98,6.29
217,kedrovyy,100,RU,1651344369,68,56.1667,91.8167,64.81,3.15
218,chateau-thierry,0,FR,1651344369,78,49.05,3.4,50.22,7.63
219,pisco,0,PE,1651344288,68,-13.7,-76.2167,71.02,10.36
220,te anau,100,NZ,1651344370,73,-45.4167,167.7167,57.33,8.99
221,stange,38,NO,1651344370,54,60.718,11.1942,50.16,0.87
222,hirado,100,JP,1651344371,70,33.3597,129.5531,54.39,7.14
223,vila,5,PT,1651344371,48,42.0304,-8.1588,59.7,3.67
224,mookane,24,BW,1651344372,44,-23.688,26.6595,68.32,1.39
225,nanortalik,99,GL,1651344372,84,60.1432,-45.2371,38.23,1.28
226,salinopolis,43,BR,1651344373,81,-0.6136,-47.3561,80.6,7.94
227,kologriv,11,RU,1651344373,87,58.8275,44.3178,26.24,4.54
228,khatanga,94,RU,1651344374,97,71.9667,102.5,6.01,8.21
229,saskylakh,100,RU,1651344374,93,71.9167,114.0833,11.7,15.7
230,hobyo,85,SO,1651344375,72,5.3505,48.5268,85.15,12.5
231,nome,100,US,1651344375,54,64.5011,-165.4064,44.67,11.5
232,berlevag,100,NO,1651344376,73,70.8578,29.0864,24.6,15.37
233,raha,100,IN,1651344376,83,26.2333,92.5167,72.12,4.7
234,harper,100,LR,1651344377,78,4.375,-7.7169,81.19,6.96
235,newport,100,GB,1651344301,69,51.5877,-2.9984,57.31,5.93
236,ust-maya,54,RU,1651344378,98,60.4167,134.5333,18.55,1.5
237,anadyr,40,RU,1651344378,68,64.75,177.4833,28.9,24.61
238,fairbanks,0,US,1651344080,43,64.8378,-147.7164,50.34,5.75
239,kinablangan,98,PH,1651344379,89,7.6947,126.5503,77.67,6.4
240,lexington,20,US,1651344367,54,37.9887,-84.4777,78.33,10.36
241,villa carlos paz,0,AR,1651344380,33,-31.4241,-64.4978,65.39,11.34
242,florence,0,IT,1651344380,38,43.7667,11.25,67.68,2.3
243,luanda,20,AO,1651344381,83,-8.8368,13.2343,80.6,5.75
244,tagusao,100,PH,1651344381,85,9.1924,117.8141,79.59,6.13
245,la tijera,98,MX,1651344382,11,19.9,-104.4,84.7,5.14
246,bonthe,46,SL,1651344382,75,7.5264,-12.505,82.13,9.15
247,san patricio,94,US,1651344383,56,28.017,-97.5169,85.06,15.28
248,cockburn town,75,TC,1651344255,54,21.4612,-71.1419,82.36,17.27
249,ballina,100,AU,1651344179,96,-28.8667,153.5667,66.16,9.22
250,ha tinh,100,VN,1651344384,95,18.3333,105.9,75.27,1.36
251,metro,98,ID,1651344384,93,-5.1131,105.3067,75.16,4.76
252,valparaiso,0,CL,1651344132,55,-33.0393,-71.6273,65.84,10.36
253,tuatapere,100,NZ,1651344385,62,-46.1333,167.6833,61.05,10.49
254,constitucion,3,CL,1651344385,50,-35.3333,-72.4167,60.69,14.9
255,wanaka,100,NZ,1651344386,89,-44.7,169.15,52.92,7.52
256,tartus,18,SY,1651344386,83,34.889,35.8866,67.78,19.01
257,skibbereen,100,IE,1651344387,83,51.55,-9.2667,54.1,7.87
258,xapuri,100,BR,1651344387,49,-10.6517,-68.5044,88.99,3.18
259,manbij,100,SY,1651344388,74,36.5281,37.9549,64.24,15.79
260,richards bay,13,ZA,1651344388,75,-28.783,32.0377,67.21,10.47
261,yuanping,0,CN,1651344389,23,38.7153,112.7575,46.9,2.75
262,puertollano,91,ES,1651344389,71,38.6871,-4.1073,70.68,1.88
263,bredasdorp,9,ZA,1651344389,84,-34.5322,20.0403,56.61,5.32
264,straumen,71,NO,1651344390,80,63.8709,11.2999,42.8,7.85
265,rawson,100,AR,1651344205,44,-43.3002,-65.1023,58.14,19.62
266,huaiyin,100,CN,1651344391,75,33.5886,119.0192,53.65,2.77
267,macusani,31,PE,1651344391,54,-14.0833,-70.4333,50.77,5.77
268,puerto madryn,100,AR,1651344392,41,-42.7692,-65.0385,59.63,18.86
269,zhigansk,100,RU,1651344392,96,66.7697,123.3711,31.35,33.29
270,tonekabon,100,IR,1651344393,95,36.8163,50.8738,62.55,5.26
271,san policarpo,100,PH,1651344393,80,12.1791,125.5072,80.37,8.9
272,broome,0,US,1651344394,26,42.2506,-75.833,61.7,12.66
273,cheremukhovo,99,RU,1651344394,78,60.3484,59.9851,30.47,5.17
274,bosaso,21,SO,1651344202,69,11.2842,49.1816,84.92,1.41
275,dingle,100,PH,1651344395,86,10.9995,122.6711,76.98,5.88
276,vestmannaeyjar,75,IS,1651344395,81,63.4427,-20.2734,47.39,20.71
277,tateyama,100,JP,1651344396,69,34.9833,139.8667,57.92,8.81
278,springbok,1,ZA,1651344396,30,-29.6643,17.8865,57.29,6.53
279,nunkini,28,MX,1651344396,30,20.3333,-90.1833,99.61,3.65
280,oktyabrskiy,70,RU,1651344397,57,54.4815,53.471,43.92,2.98
281,nuuk,40,GL,1651344397,63,64.1835,-51.7216,25.41,16.11
282,talnakh,100,RU,1651344398,97,69.4865,88.3972,18.21,7.7
283,banda aceh,100,ID,1651344398,82,5.5577,95.3222,81.37,5.73
284,kirakira,100,SB,1651344399,81,-10.4544,161.9205,79.63,2.59
285,marsh harbour,100,BS,1651344399,83,26.5412,-77.0636,72.16,18.54
286,broken hill,0,AU,1651344400,87,-31.95,141.4333,49.71,4.61
287,ossora,54,RU,1651344400,90,59.2353,163.0719,19.96,5.53
288,tumut,0,AU,1651344401,85,-35.3,148.2167,44.29,3.65
289,boueni,8,YT,1651344401,79,-12.9025,45.0761,80.58,9.53
290,businga,96,CD,1651344402,84,3.3333,20.8833,74.59,2.84
291,katsuura,100,JP,1651344402,71,35.1333,140.3,56.52,7.7
292,buraydah,0,SA,1651344403,32,26.326,43.975,84.65,11.1
293,sarkand,100,KZ,1651344403,28,45.41,79.9186,63.82,7.78
294,mahebourg,40,MU,1651344130,83,-20.4081,57.7,77.29,12.66
295,paragominas,95,BR,1651344404,90,-2.9667,-47.4833,81.01,1.5
296,bara,89,NG,1651344404,34,10.3744,10.7288,92.26,9.95
297,alice springs,40,AU,1651344219,72,-23.7,133.8833,56.75,6.91
298,capitao poco,100,BR,1651344405,89,-1.7464,-47.0594,80.24,5.12
299,tucson,0,US,1651344121,10,32.2217,-110.9265,89.6,4.61
300,waipawa,38,NZ,1651344405,84,-41.4122,175.5153,47.25,8.66
301,luba,12,GQ,1651344406,83,3.4568,8.5547,80.83,5.77
302,paso de los toros,100,UY,1651344406,73,-32.8167,-56.5167,56.61,2.62
303,korla,3,CN,1651344407,28,41.7597,86.1469,59.61,4.27
304,nouakchott,1,MR,1651344407,59,18.0858,-15.9785,80.53,16.82
305,kopervik,0,NO,1651344408,81,59.2835,5.3067,48.33,17.27
306,ukiah,100,US,1651344364,65,39.1502,-123.2078,67.44,14.97
307,kruisfontein,8,ZA,1651344408,86,-34.0033,24.7314,55.89,8.03
308,willowmore,6,ZA,1651344409,53,-33.2926,23.4895,54.66,3.42
309,namibe,23,AO,1651344409,81,-15.1961,12.1522,74.89,5.01
310,vanimo,94,PG,1651344410,86,-2.6741,141.3028,76.86,3.94
311,geelong,100,AU,1651344410,82,-38.1471,144.3607,55.35,8.05
312,beoumi,71,CI,1651344411,73,7.6736,-5.5764,80.08,6.31
313,neustadt,0,DE,1651344411,65,49.7117,12.0872,56.59,10.36
314,xai-xai,99,MZ,1651344412,78,-25.0519,33.6442,73.18,17.54
315,raiwind,0,PK,1651344412,16,31.2544,74.2178,91.51,7.31
316,mount gambier,100,AU,1651344216,94,-37.8333,140.7667,55.31,8.05
317,mae sot,100,TH,1651344413,92,16.7167,98.5667,74.84,1.7
318,cowra,0,AU,1651344413,79,-33.8333,148.6833,44.83,2.15
319,antalaha,9,MG,1651344414,92,-14.9003,50.2788,73.81,5.61
320,east wenatchee bench,100,US,1651344414,80,47.4257,-120.2812,49.89,9.22
321,hanmer springs,11,NZ,1651344415,88,-42.5167,172.8167,48.81,6.8
322,basoko,58,CD,1651344415,93,1.2391,23.616,73.26,4.41
323,paris,0,FR,1651344162,49,48.8534,2.3488,59.07,13.8
324,xiaoweizhai,100,CN,1651344416,87,26.1903,107.5125,50.72,8.77
325,kota tinggi,24,MY,1651344416,94,1.7381,103.8999,80.83,1.1
326,beyneu,54,KZ,1651344417,75,45.3167,55.2,64.83,11.32
327,puerto escondido,2,MX,1651344417,53,15.85,-97.0667,88.45,9.55
328,ferkessedougou,34,CI,1651344418,53,9.6,-5.2,84.0,11.74
329,ishigaki,75,JP,1651344418,100,24.3448,124.1572,73.53,9.22
330,cap-aux-meules,100,CA,1651344419,93,47.3821,-61.8597,35.65,21.85
331,port macquarie,9,AU,1651344419,87,-31.4333,152.9167,58.89,9.75
332,birao,98,CF,1651344420,28,10.2849,22.7882,89.89,3.65
333,carnarvon,0,AU,1651344420,52,-24.8667,113.6333,66.27,8.05
334,jiwani,98,PK,1651344421,64,25.05,61.7417,87.46,22.03
335,arlit,100,NE,1651344421,6,18.7369,7.3853,94.44,7.02
336,nykoping,0,SE,1651344422,71,58.753,17.0079,48.06,4.61
337,la belgica,20,BO,1651344423,61,-17.55,-63.2167,83.28,5.75
338,kloulklubed,100,PW,1651344423,74,7.0419,134.2556,73.9,4.83
339,jieshi,100,CN,1651344424,89,22.8134,115.8257,76.95,16.35
340,giyani,85,ZA,1651344424,54,-23.3025,30.7187,72.72,10.25
341,poum,1,NC,1651344225,77,-20.2333,164.0167,75.97,5.17
342,alta floresta,40,BR,1651344425,41,-9.8756,-56.0861,94.82,8.05
343,luau,100,AO,1651344425,59,-10.7073,22.2247,69.51,3.22
344,umba,96,RU,1651344426,89,66.6871,34.3429,26.55,4.88
345,ilulissat,40,GL,1651344427,39,69.2167,-51.1,24.82,14.97
346,guerrero negro,62,MX,1651344172,57,27.9769,-114.0611,68.09,13.56
347,mae chan,90,TH,1651344427,81,20.1467,99.8526,73.06,0.94
348,mandal,0,IN,1651344428,20,25.45,74.5667,91.13,8.37
349,banyo,100,CM,1651344429,96,6.75,11.8167,64.15,10.65
350,fortuna,100,US,1651344429,88,40.5982,-124.1573,56.93,4.61
351,sokolo,57,ML,1651344430,13,14.7328,-6.1219,98.53,9.22
352,zandvoort,40,NL,1651344430,68,52.3749,4.5341,50.92,6.91
353,krasnyy tkach,45,RU,1651344431,70,55.4721,39.0802,33.35,3.58
354,mount isa,60,AU,1651344431,82,-20.7333,139.5,65.97,0.0
355,severo-kurilsk,100,RU,1651344432,83,50.6789,156.125,33.08,7.25
356,buin,0,CL,1651344432,27,-33.7333,-70.75,71.92,2.28
357,isangel,100,VU,1651344433,94,-19.55,169.2667,73.51,4.61
358,leshukonskoye,71,RU,1651344434,96,64.8989,45.7622,23.11,2.98
359,kurchum,100,KZ,1651344434,19,48.5722,83.6542,64.53,17.36
360,pangnirtung,100,CA,1651344435,79,66.1451,-65.7125,21.2,3.44
361,port lincoln,38,AU,1651344435,81,-34.7333,135.8667,59.14,8.14
362,paidha,71,UG,1651344436,87,2.4167,30.9855,62.56,3.11
363,asosa,78,ET,1651344436,47,10.0667,34.5333,73.27,1.57
364,beloha,14,MG,1651344437,77,-25.1667,45.05,69.46,5.57
365,ahipara,9,NZ,1651344438,89,-35.1667,173.1667,57.16,6.67
366,ilo,0,PE,1651344438,73,-17.6394,-71.3375,68.86,11.5
367,la macarena,100,CO,1651344438,94,2.1837,-73.7849,73.27,3.87
368,ketchikan,0,US,1651344439,53,55.3422,-131.6461,50.47,12.66
369,bathsheba,20,BB,1651344439,70,13.2167,-59.5167,86.61,18.41
370,sultepec,8,MX,1651344440,16,18.8667,-99.95,77.25,7.76
371,buluang,67,PH,1651344440,93,13.3068,123.3425,75.6,2.73
372,akbarpur,10,IN,1651344441,54,26.4167,82.55,81.12,14.14
373,grindavik,75,IS,1651344441,76,63.8424,-22.4338,46.35,18.41
374,amapa,96,BR,1651344442,92,1.0,-52.0,78.76,3.11
375,anloga,20,GH,1651344442,74,5.7947,0.8973,83.5,10.78
376,winslow,0,US,1651344443,12,35.0242,-110.6974,66.38,5.75
377,wonthaggi,100,AU,1651344444,75,-38.6044,145.5913,57.81,17.4
378,okakarara,95,NA,1651344444,38,-20.5833,17.4333,69.62,5.73
379,diffa,100,NE,1651344445,20,13.3154,12.6113,96.53,5.5
380,port moresby,40,PG,1651344310,100,-9.4431,147.1797,74.62,2.3
381,kapuskasing,75,CA,1651344446,19,49.4169,-82.4331,62.6,9.22
382,fuxin,100,CN,1651344446,18,42.0156,121.6589,48.54,3.09
383,mayo,0,US,1651344446,30,38.8876,-76.5119,71.51,8.01
384,nioro,51,GM,1651344447,15,13.35,-15.75,97.2,10.49
385,bambous virieux,40,MU,1651344448,83,-20.3428,57.7575,77.25,12.66
386,porosozero,100,RU,1651344448,83,62.7191,32.727,33.84,7.2
387,nouadhibou,100,MR,1651344448,73,20.931,-17.0347,67.98,21.85
388,lagoa,0,PT,1651344449,86,39.05,-27.9833,61.16,11.74
389,camacha,20,PT,1651344449,77,33.0833,-16.3333,62.02,17.27
390,ouango,100,CF,1651344450,98,4.3133,22.5552,70.47,8.39
391,scarborough,100,GB,1651344450,65,54.2797,-0.4044,56.77,1.01
392,yeppoon,92,AU,1651344451,92,-23.1333,150.7333,67.78,8.5
393,zachary,20,US,1651344451,74,30.6485,-91.1565,87.75,11.5
394,roald,75,NO,1651344452,87,62.5833,6.1333,46.0,3.44
395,tholey,8,DE,1651344452,69,49.4837,7.0369,52.05,4.0
396,blagoyevo,89,RU,1651344453,92,63.3667,47.9167,25.43,3.74
397,rundu,95,NA,1651344453,37,-17.9333,19.7667,72.84,5.21
398,hearst,88,CA,1651344454,53,49.6835,-83.6665,61.05,7.83
399,rio gallegos,0,AR,1651344382,49,-51.6226,-69.2181,48.25,2.3
400,mangrol,0,IN,1651344454,83,21.1167,70.1167,82.71,11.23
401,kita,54,ML,1651344455,26,13.0349,-9.4895,96.03,2.62
402,fjerritslev,97,DK,1651344455,63,57.0813,9.2664,52.9,4.27
403,pierre,100,US,1651344456,83,44.3683,-100.351,43.86,24.16
404,sangod,24,IN,1651344456,20,24.9167,76.2833,95.77,11.56
405,inuvik,20,CA,1651344457,45,68.3499,-133.7218,47.26,4.61
406,kununurra,100,AU,1651344408,94,-15.7667,128.7333,78.78,3.44
407,vao,100,NC,1651344457,81,-22.6667,167.4833,75.25,22.39
408,coquimbo,20,CL,1651344289,77,-29.9533,-71.3436,58.73,12.66
409,nago,100,JP,1651344458,79,26.5881,127.9761,70.65,9.08
410,sokol,82,RU,1651344458,71,59.4617,40.1206,30.24,4.63
411,chanthaburi,54,TH,1651344459,92,12.8333,102.1667,71.6,0.89
412,tecpatan,6,MX,1651344372,37,17.1333,-93.3,94.15,3.87
413,moron,100,AR,1651344459,46,-34.6534,-58.6198,58.98,1.16
414,gold coast,100,AU,1651344460,96,-28.0,153.4333,68.18,8.05
415,ciudad del maiz,0,MX,1651344378,28,22.4,-99.6,89.15,0.98
416,mackay,7,AU,1651344461,94,-21.15,149.2,68.68,8.05
417,kargasok,99,RU,1651344461,75,59.0556,80.8572,30.72,7.29
418,langsa,98,ID,1651344462,96,4.4683,97.9683,76.48,1.95
419,jinan,100,CN,1651344414,21,36.6683,116.9972,54.32,8.32
420,envira,93,BR,1651344462,48,-7.3,-70.2167,89.53,3.18
421,troitskoye,48,RU,1651344463,49,52.9821,84.6757,56.98,6.64
422,cap malheureux,8,MU,1651344463,79,-19.9842,57.6142,75.47,16.62
423,deputatskiy,25,RU,1651344464,85,69.3,139.9,3.87,3.09
424,zitose,100,MK,1651344465,86,41.4208,21.2906,54.01,1.45
425,mitu,93,CO,1651344465,64,1.1983,-70.1733,83.17,3.62
426,kahului,40,US,1651344205,77,20.8947,-156.47,75.85,13.8
427,odorheiu secuiesc,63,RO,1651344466,81,46.3,25.3,46.49,5.41
428,hofn,16,IS,1651344466,82,64.2539,-15.2082,47.62,11.77
429,luderitz,0,NA,1651344467,66,-26.6481,15.1594,59.5,18.5
430,posse,77,BR,1651344467,29,-14.0931,-46.3694,84.58,5.86
431,la ermita,9,MX,1651344467,13,20.4139,-101.9936,89.42,2.55
432,port hedland,100,AU,1651344468,64,-20.3167,118.5667,73.45,5.75
433,soure,30,BR,1651344468,80,-0.7167,-48.5233,81.37,8.52
434,lorengau,100,PG,1651344469,79,-2.0226,147.2712,80.56,4.76
435,chiang kham,100,TH,1651344469,79,19.5233,100.3,75.47,2.01
436,yerbogachen,100,RU,1651344470,97,61.2767,108.0108,31.51,3.51
437,zonguldak,100,TR,1651344470,99,41.25,31.8333,48.92,2.35
438,derzhavinsk,100,KZ,1651344471,57,51.1,66.3167,62.85,9.33
439,lerwick,100,GB,1651344471,74,60.1545,-1.1494,44.6,14.47
440,mareeba,53,AU,1651344472,92,-17.0,145.4333,70.45,1.74
441,alamos,99,MX,1651344472,10,27.0167,-108.9333,91.71,7.61
442,sabang,100,ID,1651344473,74,5.8933,95.3214,84.11,7.36
443,otacilio costa,100,BR,1651344473,99,-27.4831,-50.1219,56.7,2.55
444,sokur,100,RU,1651344473,86,55.2093,83.319,55.76,12.15
445,shimanovsk,100,RU,1651344474,50,52.0,127.7,36.88,9.28
446,culaman,100,PH,1651344474,77,5.9603,125.6586,80.55,7.56
447,conceicao do araguaia,100,BR,1651344475,61,-8.2578,-49.2647,84.7,5.41
448,kashi,84,CN,1651344475,27,39.4547,75.9797,63.61,13.42
449,noumea,67,NC,1651344380,99,-22.2763,166.4572,77.0,10.71
450,mata,10,PT,1651344476,64,40.683,-7.4592,63.86,6.04
451,strezhevoy,0,RU,1651344476,79,60.7333,77.5889,25.34,1.54
452,aberdeen,100,GB,1651344477,86,57.1437,-2.0981,48.69,10.36
453,herat,100,AF,1651344477,22,34.5,62.0,78.93,6.29
454,magan,80,ES,1651344478,54,39.9683,-3.931,73.29,7.38
455,maniitsoq,1,GL,1651344478,61,65.4167,-52.9,26.73,12.39
456,sao felix do xingu,99,BR,1651344479,83,-6.6447,-51.995,80.64,2.68
457,isiro,99,CD,1651344479,99,2.7739,27.616,65.71,2.84
458,ardabil,100,IR,1651344433,93,38.2498,48.2933,47.75,6.91
459,caramay,100,PH,1651344480,86,10.1815,119.236,78.24,1.68
460,manggar,99,ID,1651344480,84,-2.8833,108.2667,79.66,2.19
461,hit,100,IQ,1651344481,24,33.6416,42.8251,83.19,13.71
462,meshcherino,62,RU,1651344481,66,55.1957,38.36,39.65,5.01
463,solnechnyy,39,RU,1651344482,86,50.7214,136.6319,25.97,5.7
464,huandacareo,67,MX,1651344482,16,19.9833,-101.2833,86.94,8.86
465,dongsheng,0,CN,1651344483,22,39.8161,109.9776,42.4,12.41
466,barrancas,100,CO,1651344483,59,10.9576,-72.7877,89.71,3.76
467,cervo,19,ES,1651344484,84,43.6702,-7.4101,59.97,6.51
468,laguna,0,US,1651344484,41,38.421,-121.4238,78.03,8.05
469,lavrentiya,100,RU,1651344485,88,65.5833,-171.0,25.02,13.73
470,tuim,97,RU,1651344485,64,54.3417,89.9261,52.16,7.81
471,dayong,100,CN,1651344486,89,25.0209,118.2898,64.74,3.47
472,senekal,0,ZA,1651344487,39,-28.3197,27.6208,51.98,3.96
473,price,0,US,1651344487,17,39.5994,-110.8107,58.12,5.75
474,januaria,76,BR,1651344488,26,-15.4833,-44.3667,90.36,5.44
475,loukhi,18,RU,1651344488,89,66.0764,33.0381,24.85,4.54
476,burns lake,100,CA,1651344326,51,54.2331,-125.7533,47.62,5.46
477,axim,99,GH,1651344489,83,4.8699,-2.2405,80.82,8.39
478,havre-saint-pierre,100,CA,1651344489,87,50.2334,-63.5986,37.4,13.8
479,saint-georges,20,GD,1651344399,74,12.0564,-61.7485,83.88,25.32
480,kyakhta,69,RU,1651344490,56,50.3508,106.4494,48.15,5.7
481,jiexiu,0,CN,1651344491,19,37.0244,111.9125,49.82,5.3
482,dickinson,100,US,1651344491,75,29.4608,-95.0513,87.06,8.05
483,ngunguru,30,NZ,1651344492,77,-35.6167,174.5,61.77,8.08
484,taltal,24,CL,1651344492,71,-25.4,-70.4833,66.29,9.84
485,jawhar,100,SO,1651344493,74,2.7809,45.5005,76.69,2.51
486,alyangula,69,AU,1651344493,100,-13.8483,136.4192,69.67,3.44
487,sungaipenuh,100,ID,1651344494,97,-2.0833,101.3833,65.75,0.76
488,buala,100,SB,1651344494,81,-8.145,159.5921,79.41,1.79
489,calama,0,CL,1651344495,9,-22.4667,-68.9333,72.09,19.57
490,roebourne,92,AU,1651344495,51,-20.7833,117.1333,76.42,11.77
491,sao joao da barra,20,BR,1651344496,75,-21.6403,-41.0511,77.09,11.56
492,spremberg,100,DE,1651344496,47,51.5697,14.3736,58.28,6.2
493,pervomayskoye,4,RU,1651344497,86,43.919,46.7102,54.73,6.42
494,aykhal,100,RU,1651344497,93,66.0,111.5,14.0,26.69
495,kamaishi,100,JP,1651344498,78,39.2667,141.8833,44.64,9.04
496,katobu,100,ID,1651344498,95,-4.9408,122.5276,75.09,2.35
497,moba,100,CN,1651344499,76,33.2288,105.0179,39.15,4.43
498,namatanai,96,PG,1651344499,82,-3.6667,152.4333,78.55,3.09
499,ormara,0,PK,1651344500,74,25.2088,64.6357,84.7,18.45
500,ferrol,10,ES,1651344439,80,43.4832,-8.2369,68.52,5.5
501,bahar,20,IR,1651344500,54,34.9072,48.4414,57.36,9.22
502,ushirombo,100,TZ,1651344501,80,-3.4919,31.9639,68.76,2.75
503,samarai,96,PG,1651344501,80,-10.6167,150.6667,79.59,5.64
504,sao jose da coroa grande,99,BR,1651344502,70,-8.8978,-35.1478,80.71,9.06
505,fort saint james,100,CA,1651344502,42,54.4333,-124.25,50.14,4.36
506,palembang,75,ID,1651344503,88,-2.9167,104.7458,75.29,28.77
507,amga,22,RU,1651344503,95,60.8953,131.9608,23.04,2.8
508,tobe,100,JP,1651344504,82,33.7447,132.7901,55.58,2.06
509,kandrian,100,PG,1651344504,89,-6.2167,149.55,76.44,3.94
510,santa cruz,40,BO,1651344505,54,-17.8,-63.1667,82.45,8.05
511,sussex,0,US,1651344335,26,41.1834,-74.6663,66.74,5.99
512,jasper,18,US,1651344505,53,37.2001,-94.3502,71.11,5.01
513,itupiranga,100,BR,1651344506,85,-5.1347,-49.3267,91.72,2.48
514,jalu,1,LY,1651344506,19,29.0331,21.5482,81.27,8.52
515,iqaluit,75,CA,1651344507,79,63.7506,-68.5145,24.53,8.05
516,zharkovskiy,37,RU,1651344507,59,55.849,32.2697,35.64,0.34
517,voh,0,NC,1651344508,90,-20.9667,164.7,69.67,3.85
518,morgantown,0,US,1651344501,31,39.6295,-79.9559,71.2,5.75
519,ulety,10,RU,1651344508,93,51.3572,112.4849,38.52,3.42
520,ojinaga,0,MX,1651344216,13,29.5667,-104.4167,93.58,4.61
521,kautokeino,97,NO,1651344509,84,69.0125,23.0412,20.59,3.4
522,pacific grove,75,US,1651344509,84,36.6177,-121.9166,66.81,11.5
523,estepona,0,ES,1651344510,53,36.4276,-5.1459,67.82,1.83
524,longyearbyen,0,SJ,1651344510,62,78.2186,15.6401,12.04,11.5
525,fallon,75,US,1651344511,19,39.4735,-118.7774,69.46,3.44
526,sandnessjoen,16,NO,1651344462,68,66.0217,12.6316,39.65,1.99
527,mikuni,100,JP,1651344511,92,36.2171,136.1519,49.91,9.13
528,santa barbara,0,US,1651344512,37,34.7333,-120.0343,78.3,9.22
529,alofi,100,NU,1651344512,94,-19.0595,-169.9187,75.09,5.75
530,walvis bay,0,NA,1651344513,77,-22.9575,14.5053,59.95,3.44
531,hidalgotitlan,70,MX,1651344324,38,17.7833,-94.6333,97.45,3.58
532,ende,100,ID,1651344513,89,-8.8432,121.6623,77.68,1.83
533,los llanos de aridane,20,ES,1651344514,75,28.6585,-17.9182,67.12,14.97
534,longfeng,100,CN,1651344514,87,46.55,125.1167,35.53,14.94
535,biltine,100,TD,1651344515,16,14.5333,20.9167,92.89,6.29
536,nanlong,100,CN,1651344515,62,31.3533,106.0631,58.95,3.78
537,owando,98,CG,1651344516,73,-0.4819,15.8999,75.43,2.71
538,ternate,100,ID,1651344516,81,0.8,127.4,79.66,1.21
539,aboso,98,GH,1651344517,84,5.3617,-1.9473,78.4,5.53
540,ewo,94,CG,1651344517,71,-0.8725,14.8206,78.49,2.98
541,ocos,70,GT,1651344518,64,14.5094,-92.1933,91.58,8.34
542,sakakah,0,SA,1651344518,10,29.9697,40.2064,94.57,17.6
543,petropavlovsk-kamchatskiy,40,RU,1651344496,74,53.0452,158.6483,28.99,6.71
544,ugoofaaru,100,MV,1651344381,74,5.6667,73.0,85.42,11.14
545,bakel,100,SN,1651344519,12,14.905,-12.4568,99.84,5.1
546,honningsvag,40,NO,1651344519,74,70.9821,25.9704,29.95,16.11
547,ilave,12,PE,1651344520,43,-16.0833,-69.6667,56.01,9.4
548,vieux-habitants,100,GP,1651344520,76,16.0589,-61.7659,83.77,17.45
549,rockland,5,US,1651344398,23,41.1668,-74.0496,67.35,1.99
550,sistranda,100,NO,1651344521,79,63.7256,8.834,40.96,17.02
551,lubao,100,PH,1651344521,83,14.9167,120.55,82.11,1.99
552,srednekolymsk,94,RU,1651344522,95,67.45,153.6833,8.2,3.74
553,viedma,62,AR,1651344395,28,-40.8135,-62.9967,61.79,16.22
554,malko tarnovo,9,BG,1651344523,97,41.9833,27.5333,44.98,6.31
555,pemba,20,MZ,1651344523,73,-12.974,40.5178,79.5,8.05
556,padang,99,ID,1651344524,90,-0.9492,100.3543,75.25,3.87
557,youkounkoun,31,GN,1651344524,21,12.5333,-13.1333,98.37,3.44
558,goderich,100,CA,1651344271,23,43.7501,-81.7165,62.92,14.97
559,fare,2,PF,1651344525,72,-16.7,-151.0167,81.21,15.68
560,quang ngai,66,VN,1651344525,93,15.1167,108.8,75.4,4.21
